nome_completo;email;pais;data_cadastro;tipo_usuario
Sophia Johnson;kcmc1620@hotmail.com;Estados Unidos;2025-01-05;Flex
Ethan Martin;kro1082@gmail.com;França;2025-01-30;Flex
Camille Lefevre;rzhsj2169@outlook.com;Lituânia;2025-01-10;Flex
Lukas Petrauskas;euoj3556@gmail.com;Estados Unidos;2025-03-03;Flex
Emma Smith;dfhbi759@mail.com;França;2025-03-19;Flex
Gabriel Dubois;nnfghd1375@gmail.com;Lituânia;2025-01-06;Comprador
Milda Jankauskait?;zdpnwl3234@outlook.com;Estados Unidos;2025-04-16;Vendedor
Noah Williams;llaur4551@outlook.com;França;2025-04-28;Flex
Chloe Moreau;rvkn9419@hotmail.com;Lituânia;2025-04-25;Flex
Dovydas Kazlauskas;zdm1382@hotmail.com;Estados Unidos;2025-04-11;Flex
Olivia Brown;kyuhsl6070@hotmail.com;França;2025-01-05;Flex
Louis Bernard;wqpyif1907@hotmail.com;Lituânia;2025-03-15;Flex
Aust?ja Petraityt?;jfa3915@mail.com;Estados Unidos;2025-03-01;Flex
Liam Davis;onhidr8328@gmail.com;França;2025-04-11;Flex
Léa Laurent;nzzeso5789@outlook.com;Lituânia;2025-04-06;Flex
Domantas Jank?nas;jkfmys7686@outlook.com;Estados Unidos;2025-02-02;Flex
Ava Wilson;dkcogb1657@hotmail.com;França;2025-05-04;Flex
Julien Robert;hsn5661@gmail.com;Lituânia;2025-05-16;Flex
Gabija Vaitkevi?i?t?;dmdtum2772@gmail.com;Estados Unidos;2025-01-11;Flex
James Miller;lqdb5919@hotmail.com;França;2025-02-25;Flex
Manon Richard;dswptt9629@hotmail.com;Estados Unidos;2025-01-31;Comprador
Karolis Petrauskas;larqf4658@gmail.com;França;2025-05-28;Vendedor
Isabella Taylor;lexr475@outlook.com;Lituânia;2025-02-21;Flex
Arthur Garcia;ujnobo1601@hotmail.com;Estados Unidos;2025-05-14;Flex
Ieva Kazlauskait?;glcf6328@outlook.com;França;2025-04-19;Flex
Benjamin Anderson;wzure4725@gmail.com;Lituânia;2025-02-14;Flex
Clara Petit;fglwh9805@yahoo.com;Estados Unidos;2025-04-08;Flex
Paulius Žukauskas;bhgtzl3767@yahoo.com;França;2025-04-24;Flex
Mia Thomas;ilnss798@hotmail.com;Estados Unidos;2025-01-17;Flex
Hugo Blanc;cdjli3944@mail.com;França;2025-05-04;Flex
Aist? Žilinskait?;gtqkn5087@yahoo.com;Lituânia;2025-03-22;Flex
Logan Moore;iesg9248@mail.com;Estados Unidos;2025-05-25;Flex
Emma Faure;qdbw4653@outlook.com;França;2025-02-07;Flex
Tomas Jankauskas;psmwc8499@hotmail.com;Lituânia;2025-01-29;Flex
Charlotte Harris;ujujaa9541@outlook.com;Estados Unidos;2025-05-12;Flex
Nathan Lefèvre;tqlg2810@mail.com;França;2025-05-09;Flex
Simona Vai?iulyt?;eaoz5698@mail.com;Estados Unidos;2025-03-14;Flex
Elijah Martin;pnpu5255@outlook.com;Estados Unidos;2025-03-02;Flex
Jeanne Girard;ylztzp8452@mail.com;Estados Unidos;2025-01-13;Flex
Justas Kavaliauskas;puvjrb1211@hotmail.com;Estados Unidos;2025-03-12;Flex
Amelia Thompson;fqbs7021@mail.com;França;2025-04-17;Flex
Lucas Morel;ulgmn9186@gmail.com;Estados Unidos;2025-04-17;Flex
Vilt? Paulauskait?;ymc5040@mail.com;França;2025-05-30;Flex
Alexander White;vkdnyq6161@gmail.com;Lituânia;2025-02-18;Comprador
Inès Lambert;ahwsqq5470@gmail.com;Estados Unidos;2025-03-22;Flex
Ignas Petrauskas;pnnypj3418@hotmail.com;França;2025-04-25;Flex
Harper Martinez;iyebu9287@outlook.com;Lituânia;2025-01-08;Flex
Mathis Roux;tiizbv6330@yahoo.com;Estados Unidos;2025-02-21;Flex
Greta Vaitkevi?ien?;zuv7376@hotmail.com;França;2025-05-30;Flex
Daniel Clark;wlccqg5760@mail.com;Estados Unidos;2025-02-15;Flex
Louise Marty;yxsb8461@yahoo.com;França;2025-01-26;Flex
Mindaugas Žukauskas;dfgz5102@mail.com;Lituânia;2025-04-05;Flex
Abigail Rodriguez;juemq3572@yahoo.com;Estados Unidos;2025-01-26;Flex
Axel Renault;xxmvb9373@mail.com;França;2025-03-13;Flex
Egl? Jankut?;vskf8646@mail.com;Lituânia;2025-02-15;Flex
Matthew Lewis;yowxt9073@hotmail.com;Estados Unidos;2025-06-01;Flex
Sofia Marchand;pko4433@hotmail.com;França;2025-03-09;Flex
Julius Petrauskas;pug9665@yahoo.com;Estados Unidos;2025-01-04;Comprador
Ella Walker;hcd9935@mail.com;Estados Unidos;2025-01-28;Flex
Théo François;jmja8936@gmail.com;Estados Unidos;2025-04-07;Flex
Sandra Kazlauskait?;fne6574@outlook.com;Estados Unidos;2025-03-25;Flex
David Hall;ugsn4989@mail.com;França;2025-01-10;Flex
Emma Charles;pwqrx49@gmail.com;Estados Unidos;2025-04-02;Flex
Rokas Žilinskas;loznl3544@mail.com;França;2025-01-09;Flex
Scarlett Allen;uxxhum4942@mail.com;Lituânia;2025-02-27;Flex
Adrien Barre;lqi9957@gmail.com;Estados Unidos;2025-05-15;Flex
Giedr? Petraityt?;rdoo7303@mail.com;França;2025-04-16;Flex
Michael Young;xlde3141@yahoo.com;Lituânia;2025-04-25;Flex
Anna Guerin;byzq4692@mail.com;Estados Unidos;2025-02-25;Flex
Mantas Vaitkus;coytk228@yahoo.com;França;2025-04-13;Flex
Grace Hernandez;ohgec8577@outlook.com;Estados Unidos;2025-03-29;Flex
Lucas Fontaine;mdlsdz1082@yahoo.com;França;2025-05-08;Comprador
Ugn? Kavaliauskait?;vyyyvp6699@outlook.com;Lituânia;2025-04-08;Flex
Jackson King;enzr3173@yahoo.com;Estados Unidos;2025-04-05;Flex
Lola Henry;jri4047@hotmail.com;França;2025-03-20;Flex
Edvinas Žukauskas;fqbr8710@mail.com;Lituânia;2025-05-20;Flex
Avery Wright;sodg8278@gmail.com;Estados Unidos;2025-03-17;Flex
Nino Lopez;mswkgj9914@yahoo.com;França;2025-02-13;Comprador
Aust?ja Vaitkut?;shzoms5335@yahoo.com;Estados Unidos;2025-03-18;Vendedor
Joseph Scott;crir7872@hotmail.com;Estados Unidos;2025-02-05;Flex
Alice Garcia;ludrh511@hotmail.com;Estados Unidos;2025-01-19;Flex
Dainius Petrauskas;mnmtj2434@yahoo.com;Estados Unidos;2025-01-28;Flex
Sofia Green;wmwc8839@mail.com;França;2025-04-05;Flex
Baptiste Perrin;ydpmrp446@hotmail.com;Lituânia;2025-04-28;Flex
Jurgita Jankauskien?;lua2301@yahoo.com;Estados Unidos;2025-03-22;Flex
Samuel Adams;wcc6689@hotmail.com;França;2025-03-03;Flex
Lucie Gilbert;iejk665@outlook.com;Lituânia;2025-02-24;Flex
Vilius Žilinskas;yqrf4741@outlook.com;Estados Unidos;2025-03-28;Flex
Evelyn Nelson;zoi2860@hotmail.com;França;2025-02-25;Flex
Evan Paul;xiub9427@gmail.com;Lituânia;2025-04-11;Flex
Monika Kazlauskait?;cjoyq815@yahoo.com;Estados Unidos;2025-04-03;Flex
Carter Baker;yrsow5119@hotmail.com;França;2025-02-27;Flex
Clémence Adam;dfab9459@mail.com;Lituânia;2025-01-18;Comprador
Dovydas Vaitkus;rvduyf389@hotmail.com;Estados Unidos;2025-01-04;Vendedor
Lily Mitchell;ykuoaw5189@gmail.com;França;2025-04-11;Flex
Gabin Simon;pxuw7789@yahoo.com;Lituânia;2025-02-07;Flex
Aist? Petrauskait?;bdgwc3878@mail.com;Estados Unidos;2025-04-21;Flex
Owen Campbell;wgzwyo8161@mail.com;França;2025-04-21;Flex
Zoé Girault;otnpj799@yahoo.com;Lituânia;2025-01-30;Flex
Justinas Žukauskas;ixvf4175@mail.com;Estados Unidos;2025-01-02;Flex
Victoria Evans;lusx2477@hotmail.com;França;2025-04-16;Flex
Lilian Maillard;zctzu1140@outlook.com;Estados Unidos;2025-05-17;Flex
R?ta Kavaliauskien?;emlgj2715@hotmail.com;França;2025-03-04;Flex
Henry Parker;jyksjw8337@gmail.com;Lituânia;2025-03-25;Flex
Eva Renault;blzpi4465@gmail.com;Estados Unidos;2025-06-01;Flex
Tomas Žilinskas;wipiac5899@yahoo.com;França;2025-02-18;Flex
Ella Murphy;xajn9274@gmail.com;Lituânia;2025-05-30;Flex
Tom Dupont;daxc5478@gmail.com;Estados Unidos;2025-01-16;Flex
Gabija Vai?iulyt?;pmjj6345@gmail.com;França;2025-03-04;Flex
Sebastian Rivera;izq2963@yahoo.com;Estados Unidos;2025-02-07;Flex
Jade Guerin;wbsrh322@yahoo.com;França;2025-01-18;Flex
Mindaugas Kazlauskas;fcowj8505@mail.com;Lituânia;2025-01-03;Flex
Nora Bailey;icp3595@mail.com;Estados Unidos;2025-03-07;Flex
Noé Roche;jmj3020@outlook.com;França;2025-04-14;Flex
Ugn? Petrauskait?;rldi3939@yahoo.com;Lituânia;2025-02-19;Flex
Levi Sanders;rjynyy8063@hotmail.com;Estados Unidos;2025-01-11;Comprador
Salomé Lemaitre;bxtepd6508@hotmail.com;França;2025-04-15;Flex
Karolis Žukauskas;ymyh4703@gmail.com;Estados Unidos;2025-05-03;Flex
Aria Price;wlt8812@outlook.com;Estados Unidos;2025-03-12;Flex
Axelle Bertrand;xlmv5422@outlook.com;Estados Unidos;2025-03-24;Flex
Greta Petraityt?;rnbxf1757@mail.com;Estados Unidos;2025-04-03;Flex
Wyatt Cooper;frqpzy9430@hotmail.com;França;2025-01-02;Flex
Léna Allard;clzf1680@hotmail.com;Estados Unidos;2025-03-13;Flex
Dainius Kazlauskas;aajb2372@mail.com;França;2025-04-08;Flex
Layla Morris;vbetax4440@mail.com;Lituânia;2025-04-23;Flex
Antoine Descamps;ril9350@gmail.com;Estados Unidos;2025-04-28;Flex
Egl? Žilinskait?;mamria7750@yahoo.com;França;2025-05-13;Flex
Hunter Reed;yyez6441@gmail.com;Lituânia;2025-05-08;Flex
Agathe Leroux;lyibka1394@outlook.com;Estados Unidos;2025-03-25;Flex
Paulius Petrauskas;qsxr5973@gmail.com;França;2025-01-10;Comprador
Zoey Cook;lfobam6600@outlook.com;Estados Unidos;2025-05-21;Flex
Léo Boyer;rll3492@yahoo.com;França;2025-05-21;Flex
Vilt? Kazlauskait?;lfqven3755@gmail.com;Lituânia;2025-02-23;Flex
Julian Morgan;cokqw8402@yahoo.com;Estados Unidos;2025-03-28;Flex
Camille Perrot;mipi8107@yahoo.com;França;2025-03-14;Flex
Ignas Vaitkus;vqbryn102@outlook.com;Lituânia;2025-05-01;Flex
Penelope Bell;xaw9545@gmail.com;Estados Unidos;2025-01-30;Flex
Loris Aubert;eli7110@hotmail.com;França;2025-02-17;Flex
Aust?ja Žukauskait?;favtjp7809@mail.com;Estados Unidos;2025-01-02;Flex
Jack Russell;yfgdjc9781@yahoo.com;Estados Unidos;2025-05-05;Flex
Sarah Colin;ulhw3132@gmail.com;Estados Unidos;2025-04-06;Flex
Julius Vaitkus;yddzr3128@hotmail.com;Estados Unidos;2025-01-08;Flex
Hazel Griffin;wszrli2397@yahoo.com;França;2025-05-04;Flex
Quentin Marchal;vdix3400@yahoo.com;Estados Unidos;2025-01-22;Comprador
Justinas Kazlauskas;yhzet2121@gmail.com;França;2025-03-16;Flex
Isaac Patterson;kvi296@gmail.com;Lituânia;2025-03-08;Flex
Maëlys Blanchard;nvkh4640@outlook.com;Estados Unidos;2025-03-05;Flex
Milda Petraityt?;wcqg7943@outlook.com;França;2025-02-12;Flex
Aurora Simmons;ymlh336@gmail.com;Lituânia;2025-03-06;Flex
Toméo Gauthier;lizwrj4512@outlook.com;Estados Unidos;2025-05-11;Comprador
Edvinas Vaitkus;psvrq6290@outlook.com;França;2025-02-04;Vendedor
Luke Foster;fqe7670@yahoo.com;Estados Unidos;2025-05-28;Flex
Charlotte Masson;zohh5076@hotmail.com;França;2025-02-22;Flex
Rokas Petrauskas;gpkziw3913@outlook.com;Lituânia;2025-04-03;Flex
Zoe Bryant;nxk4262@yahoo.com;Estados Unidos;2025-04-03;Flex
Kylian Leclerc;hqysb1317@yahoo.com;França;2025-03-15;Flex
Sandra Žilinskait?;sxc9020@gmail.com;Lituânia;2025-01-07;Flex
Mason Ross;wsdn8489@yahoo.com;Estados Unidos;2025-04-10;Flex
Elisa Guerin;fxe5857@hotmail.com;França;2025-05-14;Flex
Dovydas Žukauskas;dsskh2697@hotmail.com;Estados Unidos;2025-03-18;Flex
Lillian Hughes;reov1418@mail.com;Estados Unidos;2025-05-21;Flex
Nathan Bonnin;pzblp5331@gmail.com;Estados Unidos;2025-02-18;Flex
Ugn? Jankut?;gswguo392@yahoo.com;Estados Unidos;2025-01-31;Flex
Anthony Carter;qnovy8268@gmail.com;França;2025-02-15;Flex
Inaya Vidal;bfzzzx840@mail.com;Lituânia;2025-01-09;Comprador
Tomas Vaitkus;jpcseo995@hotmail.com;Estados Unidos;2025-02-28;Vendedor
Paisley Powell;xdj4863@hotmail.com;França;2025-02-02;Flex
Sacha Georges;pwps5011@outlook.com;Lituânia;2025-04-20;Flex
Jurgita Petrauskien?;jjl8256@mail.com;Estados Unidos;2025-05-29;Flex
Grayson Cox;xuo6407@gmail.com;França;2025-02-16;Flex
Ambre Mercier;ghibt6668@outlook.com;Lituânia;2025-04-09;Flex
Vilius Kazlauskas;jwlyeq2737@gmail.com;Estados Unidos;2025-01-16;Flex
Ellie Howard;avfvs1504@yahoo.com;França;2025-02-20;Flex
Raphaël Guerin;uxh8247@mail.com;Lituânia;2025-01-24;Flex
Gabija Žilinskait?;jbxx4413@gmail.com;Estados Unidos;2025-01-14;Flex
Lincoln Ward;knl541@hotmail.com;França;2025-01-23;Flex
Anaïs Chevalier;xieewq3614@gmail.com;Lituânia;2025-04-03;Flex
Domantas Petrauskas;hfv9249@outlook.com;Estados Unidos;2025-03-10;Flex
Stella Richardson;kzqd8237@gmail.com;França;2025-05-20;Flex
Célian Fabre;xtaar5617@hotmail.com;Lituânia;2025-04-15;Flex
Aist? Vaitkevi?i?t?;ovpdu8421@outlook.com;Estados Unidos;2025-05-02;Flex
Landon Torres;dgdjuk3204@outlook.com;França;2025-03-05;Flex
Louane Marechal;ctvow3937@hotmail.com;Estados Unidos;2025-03-02;Flex
Justas Vaitkus;hccag3041@yahoo.com;França;2025-02-26;Flex
Violet Peterson;gngdtz4818@hotmail.com;Lituânia;2025-04-09;Flex
Noam Dufour;madwyu2149@gmail.com;Estados Unidos;2025-01-08;Flex
Milda Kazlauskien?;wvia8383@outlook.com;França;2025-01-25;Flex
Elias Bailey;xjlt1860@hotmail.com;Lituânia;2025-03-29;Comprador
Clara Chauvet;shkuo1381@outlook.com;Estados Unidos;2025-04-06;Flex
Mindaugas Petrauskas;pujgaf7177@outlook.com;França;2025-04-30;Flex
Savannah Brooks;zyfnwe2203@hotmail.com;Estados Unidos;2025-02-19;Flex
Hugo Menard;govjic222@mail.com;França;2025-04-12;Flex
Egl? Žukauskait?;yqsb1027@gmail.com;Lituânia;2025-01-29;Flex
Connor James;ejl8755@yahoo.com;Estados Unidos;2025-02-02;Flex
Mélina Pelletier;jwax7766@outlook.com;França;2025-01-30;Flex
Dainius Vaitkus;xtmsvp8385@hotmail.com;Lituânia;2025-03-15;Flex
Audrey Bennett;dlv7461@outlook.com;Estados Unidos;2025-04-25;Flex
Kilian Collin;cea4300@mail.com;França;2025-01-08;Flex
Greta Jankauskait?;bebj5440@outlook.com;Estados Unidos;2025-06-01;Flex
Nolan Wood;nyvfmj8578@gmail.com;Estados Unidos;2025-02-19;Flex
Manon Leclerc;qklhb6780@gmail.com;Estados Unidos;2025-03-24;Flex
Paulius Kazlauskas;uapxed2525@yahoo.com;Estados Unidos;2025-02-23;Comprador
Paislee Perez;oqmjov1010@mail.com;França;2025-05-26;Flex
Enzo Noel;udzjft9121@gmail.com;Estados Unidos;2025-04-01;Flex
Aust?ja Žilinskait?;otyx6921@gmail.com;França;2025-03-23;Flex
Jayden Simmons;lvdyo7684@outlook.com;Lituânia;2025-04-05;Flex
Juliette Olivier;cnos9238@outlook.com;Estados Unidos;2025-02-05;Flex
Ignas Jank?nas;agmg1254@yahoo.com;França;2025-01-29;Flex
Brooklyn Butler;bvev4076@outlook.com;Lituânia;2025-04-27;Flex
Sohan Gaillard;vfjwiy3782@yahoo.com;Estados Unidos;2025-03-05;Flex
Justinas Vaitkus;uonn6461@hotmail.com;França;2025-05-06;Flex
Aubrey Barnes;favves4591@gmail.com;Estados Unidos;2025-01-29;Flex
Lisa Prevost;zelf3163@gmail.com;França;2025-03-11;Flex
Tomas Žukauskas;irxav410@gmail.com;Lituânia;2025-04-10;Flex
Eleanor Henderson;tkvqg876@hotmail.com;Estados Unidos;2025-01-22;Flex
Eliot Giraud;ryrb192@outlook.com;França;2025-03-25;Comprador
Vilt? Petraityt?;lmhf4347@gmail.com;Lituânia;2025-03-01;Flex
Caleb Powell;jnib6275@mail.com;Estados Unidos;2025-03-11;Flex
Ilona Lefevre;cvsb6385@hotmail.com;França;2025-01-03;Flex
Dovydas Jank?nas;kehn7643@hotmail.com;Estados Unidos;2025-04-29;Flex
Aurora Simmons;kpfb758@hotmail.com;Estados Unidos;2025-01-26;Flex
Marceau Pires;zptyc2114@outlook.com;Estados Unidos;2025-05-11;Flex
Milda Žukauskait?;pfsgf3193@mail.com;Estados Unidos;2025-06-01;Flex
Parker Bailey;jlicv5530@mail.com;França;2025-04-17;Flex
Apolline Dubreuil;hxxxe9819@mail.com;Estados Unidos;2025-04-10;Flex
Domantas Vaitkus;fxjk2159@mail.com;França;2025-05-24;Flex
Avery Russell;fbu2003@hotmail.com;Lituânia;2025-04-09;Flex
Timeo Vallet;llz7265@hotmail.com;Estados Unidos;2025-04-21;Flex
Gabija Jankut?;wpjqcm1469@outlook.com;França;2025-02-13;Flex
Leah Griffin;kdzjja9401@yahoo.com;Lituânia;2025-02-24;Flex
Louis Barrault;rkstu7877@yahoo.com;Estados Unidos;2025-05-07;Flex
Rokas Žukauskas;mxki6547@mail.com;França;2025-01-08;Flex
Luna Brooks;mpu407@mail.com;Estados Unidos;2025-03-14;Flex
Célestin Dubois;wyk6655@hotmail.com;França;2025-04-26;Flex
Egl? Vaitkut?;nls8538@gmail.com;Lituânia;2025-01-11;Flex
Evan Sanders;qebc6427@gmail.com;Estados Unidos;2025-03-08;Flex
Océane Legrand;kkez8055@hotmail.com;França;2025-03-26;Comprador
Justas Jank?nas;oykli1621@hotmail.com;Lituânia;2025-03-01;Flex
Chloe Rogers;wsiitj1961@yahoo.com;Estados Unidos;2025-02-26;Flex
Eloan Pascal;ignzfh2315@outlook.com;França;2025-04-29;Flex
Karolis Vaitkus;bkgs3307@yahoo.com;Estados Unidos;2025-02-04;Flex
Hazel Cooper;qjji7863@yahoo.com;Estados Unidos;2025-03-29;Flex
Matisse Fontaine;kub6019@gmail.com;Estados Unidos;2025-02-15;Flex
Sandra Petraityt?;zfmidf6941@gmail.com;Estados Unidos;2025-01-12;Flex
Daniel Morris;rfgwt551@mail.com;França;2025-05-10;Flex
Nina Delmas;nqaxe4190@mail.com;Lituânia;2025-05-11;Flex
Paulius Jank?nas;ukrrrv7549@mail.com;Estados Unidos;2025-05-23;Flex
Skylar Murphy;poaws9511@hotmail.com;França;2025-03-22;Flex
Victor Fleury;fpm7223@mail.com;Lituânia;2025-05-28;Flex
Ugn? Žilinskait?;pbk3461@hotmail.com;Estados Unidos;2025-01-06;Flex
Elijah Kelly;iggxyx7193@mail.com;França;2025-04-08;Comprador
Leonie Baudry;hgfsy4248@gmail.com;Lituânia;2025-01-23;Flex
Mindaugas Vaitkus;uidynk1774@yahoo.com;Estados Unidos;2025-03-19;Flex
Riley Jenkins;uxa1494@mail.com;França;2025-03-15;Flex
Adèle Boucher;azigl6422@outlook.com;Lituânia;2025-03-04;Flex
Aist? Jankut?;icmvsl2839@mail.com;Estados Unidos;2025-04-03;Flex
Aiden Perry;fzl8508@hotmail.com;França;2025-01-15;Flex
Soline Barre;lkieqi4792@gmail.com;Lituânia;2025-05-26;Flex
Dainius Jank?nas;bdgcgh3440@mail.com;Estados Unidos;2025-03-24;Flex
Lillian Evans;rezjx4802@yahoo.com;França;2025-05-16;Flex
Lilian Fabre;wpzh5950@outlook.com;Lituânia;2025-04-04;Flex
Vilt? Vaitkut?;qmhw2899@yahoo.com;Estados Unidos;2025-01-14;Flex
Maverick Jenkins;xsaav1183@gmail.com;França;2025-05-29;Flex
Iris Guerin;vzk9973@mail.com;Estados Unidos;2025-02-27;Flex
Ignas Žilinskas;tkntq8681@outlook.com;França;2025-01-29;Comprador
Aurora Simmons;ttkk1826@hotmail.com;Lituânia;2025-03-04;Flex
Nino Lambert;adeapp8864@gmail.com;Estados Unidos;2025-02-21;Flex
Gabija Petrauskait?;iqm654@hotmail.com;França;2025-04-17;Flex
Easton Powell;ebuhv3540@mail.com;Lituânia;2025-02-06;Flex
Flavie Lemoine;wrb7462@mail.com;Estados Unidos;2025-04-23;Flex
Rokas Vaitkus;pexif2154@gmail.com;França;2025-03-20;Flex
Bella Barnes;cogmxn5426@gmail.com;Estados Unidos;2025-03-29;Flex
Timéo Guerin;qmsmx1467@hotmail.com;França;2025-04-26;Flex
Aust?ja Jankut?;elflj9528@gmail.com;Lituânia;2025-01-27;Flex
Cameron Cox;jkdo6228@yahoo.com;Estados Unidos;2025-05-15;Flex
Camille Chevalier;tjjn6427@gmail.com;França;2025-05-27;Flex
Justinas Petrauskas;zxu4376@yahoo.com;Lituânia;2025-01-28;Flex
Samantha Mitchell;rzdtwn6539@mail.com;Estados Unidos;2025-03-07;Flex
Axel Charpentier;bxqlir818@yahoo.com;França;2025-03-27;Comprador
Milda Vaitkut?;tvh9591@mail.com;Estados Unidos;2025-04-05;Flex
Julian James;mvg8871@mail.com;Estados Unidos;2025-04-24;Flex
Noémie Muller;tabbc9594@gmail.com;Estados Unidos;2025-05-30;Flex
Domantas Žilinskas;ifcfw35@gmail.com;Estados Unidos;2025-01-16;Flex
Lukas Grigali?nas;olnvoo4461@yahoo.com;França;2025-04-05;Flex
Amélie Fournier;yclbj7636@yahoo.com;Estados Unidos;2025-04-10;Flex
Noah Richardson;mbiyid1546@hotmail.com;França;2025-01-24;Flex
Gabriel Petit;jal4278@hotmail.com;Lituânia;2025-03-01;Flex
Emilija Vai?iulyt?;ahhec3870@yahoo.com;Estados Unidos;2025-03-12;Flex
Ethan Cooper;uobug6692@hotmail.com;França;2025-05-08;Flex
Camille Dubois;byljj9275@yahoo.com;Lituânia;2025-03-29;Flex
Matas Jankauskas;rphw2728@mail.com;Estados Unidos;2025-01-17;Flex
Sophia Carter;iwc4891@hotmail.com;França;2025-05-27;Flex
Baptiste Lefevre;txnwt23@mail.com;Estados Unidos;2025-02-06;Flex
Aist? Kazlauskait?;oiiwh545@outlook.com;França;2025-01-10;Flex
James Walker;csmuuu9489@gmail.com;Lituânia;2025-01-18;Flex
Océane Perrin;bzp1360@gmail.com;Estados Unidos;2025-03-18;Flex
Dovydas Vaitkevi?ius;dxrnd4187@outlook.com;França;2025-04-22;Flex
Isabella Moore;tobe4855@gmail.com;Lituânia;2025-05-25;Flex
Isabella Dias;vnym946@outlook.com;Estados Unidos;2025-03-27;Flex
